<?xml version="1.0" encoding="utf-8"?>
<extension type="plugin" version="1.0.0" method="upgrade" group="hikashoppayment">
	<name>Hikashop Zarinpal Payment Gateway implemented by Lmskaran</name>
	<version>4.0</version>
	<creationDate>2022/01/22</creationDate>
	<author>Lmskaran Team</author>
	<authorEmail>info@lmskaran.com</authorEmail>
	<authorUrl>http://www.Lmskaran.com</authorUrl>
	<copyright>Copyright (c) 2016 Lmskaran.com Iran Ltd. All rights reserved.</copyright>
	<license>GNU/GPL license: http://www.gnu.org/copyleft/gpl.html</license>
	<description>HIKASHOP_ZARINPAL_DESCRIPTION</description>
	<languages folder="language">

	<language tag="en-GB">en-GB/en-GB.plg_hikashoppayment_zarinpal.ini</language>
	<language tag="en-GB">en-GB/en-GB.plg_hikashoppayment_zarinpal.sys.ini</language>

	<language tag="fa-IR">fa-IR/fa-IR.plg_hikashoppayment_zarinpal.ini</language>
	<language tag="fa-IR">fa-IR/fa-IR.plg_hikashoppayment_zarinpal.sys.ini</language>
	</languages>


	<files>
		<filename>index.html</filename>
		<filename plugin="zarinpal">zarinpal.php</filename>
		<filename>zarinpal_configuration.php</filename>
		<filename>zarinpal_end.php</filename>
		<folder>language</folder>
		<folder>zu</folder>
	</files>
	<params addpath="/components/com_hikashop/params">
		<param name="pluginoptions" type="pluginoptions" default="plugin" label="hikashop" description="HikaShop options" />
	</params>
	<config>
		<fields name="params" addfieldpath="/components/com_hikashop/fields">
			<fieldset name="basic">
				<field
                        id="pluginoptions"
                        name="pluginoptions"
                        type="pluginoptions"
                        label="hikashop"
                        description="HikaShop options"
                />
            </fieldset>
		</fields>
	</config>
	<updateservers>
		<server type="extension" name="Zarinpal" priority="1">https://lmskaran.com/zu/zarinpal_update_server.xml</server>
	</updateservers>
</extension>